{
    "instance_id": 207,
    "trucks": [
        {
            "truckId": 0,
            "position": 1,
            "capacity": 32,
            "freighter": 0
        },
        {
            "truckId": 1,
            "position": 1,
            "capacity": 32,
            "freighter": 0
        },
        {
            "truckId": 2,
            "position": 1,
            "capacity": 32,
            "freighter": 0
        },
        {
            "truckId": 3,
            "position": 1,
            "capacity": 32,
            "freighter": 1
        },
        {
            "truckId": 4,
            "position": 1,
            "capacity": 32,
            "freighter": 1
        },
        {
            "truckId": 5,
            "position": 3,
            "capacity": 32,
            "freighter": 1
        },
        {
            "truckId": 6,
            "position": 1,
            "capacity": 32,
            "freighter": 2
        },
        {
            "truckId": 7,
            "position": 1,
            "capacity": 32,
            "freighter": 2
        },
        {
            "truckId": 8,
            "position": 1,
            "capacity": 32,
            "freighter": 2
        },
        {
            "truckId": 9,
            "position": 4,
            "capacity": 32,
            "freighter": 3
        },
        {
            "truckId": 10,
            "position": 4,
            "capacity": 32,
            "freighter": 3
        },
        {
            "truckId": 11,
            "position": 2,
            "capacity": 32,
            "freighter": 3
        },
        {
            "truckId": 12,
            "position": 2,
            "capacity": 32,
            "freighter": 4
        },
        {
            "truckId": 13,
            "position": 1,
            "capacity": 32,
            "freighter": 4
        },
        {
            "truckId": 14,
            "position": 1,
            "capacity": 32,
            "freighter": 4
        }
    ],
    "map": [
        {
            "origin": 1,
            "destination": 2,
            "distance": 6
        },
        {
            "origin": 1,
            "destination": 3,
            "distance": 14
        },
        {
            "origin": 1,
            "destination": 4,
            "distance": 11
        },
        {
            "origin": 2,
            "destination": 1,
            "distance": 6
        },
        {
            "origin": 2,
            "destination": 3,
            "distance": 10
        },
        {
            "origin": 2,
            "destination": 4,
            "distance": 12
        },
        {
            "origin": 3,
            "destination": 1,
            "distance": 14
        },
        {
            "origin": 3,
            "destination": 2,
            "distance": 10
        },
        {
            "origin": 3,
            "destination": 4,
            "distance": 13
        },
        {
            "origin": 4,
            "destination": 1,
            "distance": 11
        },
        {
            "origin": 4,
            "destination": 2,
            "distance": 12
        },
        {
            "origin": 4,
            "destination": 3,
            "distance": 13
        }
    ],
    "orders": [
        {
            "orderId": 0,
            "origin": 4,
            "destination": 2,
            "volume": 5
        },
        {
            "orderId": 1,
            "origin": 4,
            "destination": 1,
            "volume": 6
        },
        {
            "orderId": 2,
            "origin": 1,
            "destination": 3,
            "volume": 5
        },
        {
            "orderId": 3,
            "origin": 3,
            "destination": 4,
            "volume": 23
        },
        {
            "orderId": 4,
            "origin": 3,
            "destination": 2,
            "volume": 13
        },
        {
            "orderId": 5,
            "origin": 4,
            "destination": 1,
            "volume": 5
        },
        {
            "orderId": 6,
            "origin": 1,
            "destination": 3,
            "volume": 10
        },
        {
            "orderId": 7,
            "origin": 4,
            "destination": 2,
            "volume": 4
        },
        {
            "orderId": 8,
            "origin": 1,
            "destination": 4,
            "volume": 11
        },
        {
            "orderId": 9,
            "origin": 1,
            "destination": 2,
            "volume": 10
        },
        {
            "orderId": 10,
            "origin": 1,
            "destination": 3,
            "volume": 8
        },
        {
            "orderId": 11,
            "origin": 2,
            "destination": 3,
            "volume": 30
        },
        {
            "orderId": 12,
            "origin": 1,
            "destination": 4,
            "volume": 18
        },
        {
            "orderId": 13,
            "origin": 1,
            "destination": 2,
            "volume": 18
        },
        {
            "orderId": 14,
            "origin": 2,
            "destination": 3,
            "volume": 10
        },
        {
            "orderId": 15,
            "origin": 4,
            "destination": 1,
            "volume": 25
        },
        {
            "orderId": 16,
            "origin": 3,
            "destination": 4,
            "volume": 22
        },
        {
            "orderId": 17,
            "origin": 4,
            "destination": 1,
            "volume": 31
        },
        {
            "orderId": 18,
            "origin": 2,
            "destination": 4,
            "volume": 29
        },
        {
            "orderId": 19,
            "origin": 3,
            "destination": 1,
            "volume": 12
        },
        {
            "orderId": 20,
            "origin": 4,
            "destination": 1,
            "volume": 7
        },
        {
            "orderId": 21,
            "origin": 4,
            "destination": 3,
            "volume": 13
        },
        {
            "orderId": 22,
            "origin": 3,
            "destination": 1,
            "volume": 11
        },
        {
            "orderId": 23,
            "origin": 3,
            "destination": 2,
            "volume": 21
        },
        {
            "orderId": 24,
            "origin": 4,
            "destination": 1,
            "volume": 6
        },
        {
            "orderId": 25,
            "origin": 4,
            "destination": 2,
            "volume": 4
        },
        {
            "orderId": 26,
            "origin": 3,
            "destination": 1,
            "volume": 15
        },
        {
            "orderId": 27,
            "origin": 1,
            "destination": 3,
            "volume": 20
        },
        {
            "orderId": 28,
            "origin": 4,
            "destination": 1,
            "volume": 17
        },
        {
            "orderId": 29,
            "origin": 1,
            "destination": 4,
            "volume": 13
        },
        {
            "orderId": 30,
            "origin": 1,
            "destination": 4,
            "volume": 13
        },
        {
            "orderId": 31,
            "origin": 4,
            "destination": 2,
            "volume": 24
        },
        {
            "orderId": 32,
            "origin": 2,
            "destination": 4,
            "volume": 12
        },
        {
            "orderId": 33,
            "origin": 2,
            "destination": 3,
            "volume": 4
        },
        {
            "orderId": 34,
            "origin": 3,
            "destination": 2,
            "volume": 32
        },
        {
            "orderId": 35,
            "origin": 4,
            "destination": 3,
            "volume": 9
        },
        {
            "orderId": 36,
            "origin": 2,
            "destination": 1,
            "volume": 11
        },
        {
            "orderId": 37,
            "origin": 2,
            "destination": 1,
            "volume": 21
        },
        {
            "orderId": 38,
            "origin": 2,
            "destination": 1,
            "volume": 4
        },
        {
            "orderId": 39,
            "origin": 1,
            "destination": 2,
            "volume": 14
        },
        {
            "orderId": 40,
            "origin": 1,
            "destination": 4,
            "volume": 26
        },
        {
            "orderId": 41,
            "origin": 3,
            "destination": 2,
            "volume": 25
        },
        {
            "orderId": 42,
            "origin": 3,
            "destination": 4,
            "volume": 21
        },
        {
            "orderId": 43,
            "origin": 2,
            "destination": 1,
            "volume": 17
        },
        {
            "orderId": 44,
            "origin": 3,
            "destination": 4,
            "volume": 26
        },
        {
            "orderId": 45,
            "origin": 3,
            "destination": 1,
            "volume": 25
        },
        {
            "orderId": 46,
            "origin": 3,
            "destination": 2,
            "volume": 20
        },
        {
            "orderId": 47,
            "origin": 4,
            "destination": 1,
            "volume": 23
        },
        {
            "orderId": 48,
            "origin": 4,
            "destination": 2,
            "volume": 32
        },
        {
            "orderId": 49,
            "origin": 2,
            "destination": 4,
            "volume": 20
        },
        {
            "orderId": 50,
            "origin": 1,
            "destination": 4,
            "volume": 26
        },
        {
            "orderId": 51,
            "origin": 3,
            "destination": 4,
            "volume": 31
        },
        {
            "orderId": 52,
            "origin": 2,
            "destination": 4,
            "volume": 31
        },
        {
            "orderId": 53,
            "origin": 2,
            "destination": 3,
            "volume": 24
        },
        {
            "orderId": 54,
            "origin": 3,
            "destination": 2,
            "volume": 11
        },
        {
            "orderId": 55,
            "origin": 4,
            "destination": 1,
            "volume": 30
        },
        {
            "orderId": 56,
            "origin": 1,
            "destination": 3,
            "volume": 31
        },
        {
            "orderId": 57,
            "origin": 1,
            "destination": 2,
            "volume": 22
        },
        {
            "orderId": 58,
            "origin": 3,
            "destination": 2,
            "volume": 18
        },
        {
            "orderId": 59,
            "origin": 1,
            "destination": 2,
            "volume": 22
        },
        {
            "orderId": 60,
            "origin": 3,
            "destination": 4,
            "volume": 18
        },
        {
            "orderId": 61,
            "origin": 1,
            "destination": 2,
            "volume": 17
        },
        {
            "orderId": 62,
            "origin": 3,
            "destination": 2,
            "volume": 2
        },
        {
            "orderId": 63,
            "origin": 4,
            "destination": 1,
            "volume": 3
        },
        {
            "orderId": 64,
            "origin": 2,
            "destination": 3,
            "volume": 23
        },
        {
            "orderId": 65,
            "origin": 4,
            "destination": 1,
            "volume": 20
        },
        {
            "orderId": 66,
            "origin": 3,
            "destination": 4,
            "volume": 15
        },
        {
            "orderId": 67,
            "origin": 3,
            "destination": 1,
            "volume": 2
        },
        {
            "orderId": 68,
            "origin": 3,
            "destination": 2,
            "volume": 11
        },
        {
            "orderId": 69,
            "origin": 4,
            "destination": 2,
            "volume": 5
        },
        {
            "orderId": 70,
            "origin": 2,
            "destination": 4,
            "volume": 21
        },
        {
            "orderId": 71,
            "origin": 2,
            "destination": 4,
            "volume": 3
        },
        {
            "orderId": 72,
            "origin": 3,
            "destination": 1,
            "volume": 24
        },
        {
            "orderId": 73,
            "origin": 4,
            "destination": 1,
            "volume": 5
        },
        {
            "orderId": 74,
            "origin": 3,
            "destination": 2,
            "volume": 13
        },
        {
            "orderId": 75,
            "origin": 3,
            "destination": 4,
            "volume": 32
        },
        {
            "orderId": 76,
            "origin": 1,
            "destination": 4,
            "volume": 6
        },
        {
            "orderId": 77,
            "origin": 3,
            "destination": 4,
            "volume": 22
        },
        {
            "orderId": 78,
            "origin": 2,
            "destination": 4,
            "volume": 16
        },
        {
            "orderId": 79,
            "origin": 1,
            "destination": 3,
            "volume": 24
        },
        {
            "orderId": 80,
            "origin": 4,
            "destination": 2,
            "volume": 5
        },
        {
            "orderId": 81,
            "origin": 1,
            "destination": 2,
            "volume": 13
        },
        {
            "orderId": 82,
            "origin": 2,
            "destination": 3,
            "volume": 4
        },
        {
            "orderId": 83,
            "origin": 4,
            "destination": 3,
            "volume": 24
        },
        {
            "orderId": 84,
            "origin": 3,
            "destination": 4,
            "volume": 27
        },
        {
            "orderId": 85,
            "origin": 3,
            "destination": 2,
            "volume": 19
        },
        {
            "orderId": 86,
            "origin": 1,
            "destination": 3,
            "volume": 18
        },
        {
            "orderId": 87,
            "origin": 1,
            "destination": 2,
            "volume": 24
        },
        {
            "orderId": 88,
            "origin": 2,
            "destination": 3,
            "volume": 19
        },
        {
            "orderId": 89,
            "origin": 3,
            "destination": 2,
            "volume": 30
        },
        {
            "orderId": 90,
            "origin": 2,
            "destination": 1,
            "volume": 27
        },
        {
            "orderId": 91,
            "origin": 2,
            "destination": 4,
            "volume": 18
        },
        {
            "orderId": 92,
            "origin": 2,
            "destination": 3,
            "volume": 27
        },
        {
            "orderId": 93,
            "origin": 4,
            "destination": 3,
            "volume": 7
        },
        {
            "orderId": 94,
            "origin": 4,
            "destination": 2,
            "volume": 7
        },
        {
            "orderId": 95,
            "origin": 4,
            "destination": 1,
            "volume": 9
        },
        {
            "orderId": 96,
            "origin": 3,
            "destination": 2,
            "volume": 5
        },
        {
            "orderId": 97,
            "origin": 3,
            "destination": 4,
            "volume": 19
        },
        {
            "orderId": 98,
            "origin": 3,
            "destination": 4,
            "volume": 13
        },
        {
            "orderId": 99,
            "origin": 4,
            "destination": 3,
            "volume": 29
        },
        {
            "orderId": 100,
            "origin": 1,
            "destination": 4,
            "volume": 6
        },
        {
            "orderId": 101,
            "origin": 1,
            "destination": 2,
            "volume": 12
        },
        {
            "orderId": 102,
            "origin": 3,
            "destination": 2,
            "volume": 25
        },
        {
            "orderId": 103,
            "origin": 3,
            "destination": 2,
            "volume": 17
        },
        {
            "orderId": 104,
            "origin": 1,
            "destination": 2,
            "volume": 21
        },
        {
            "orderId": 105,
            "origin": 1,
            "destination": 3,
            "volume": 28
        },
        {
            "orderId": 106,
            "origin": 3,
            "destination": 4,
            "volume": 11
        },
        {
            "orderId": 107,
            "origin": 4,
            "destination": 1,
            "volume": 19
        },
        {
            "orderId": 108,
            "origin": 3,
            "destination": 2,
            "volume": 10
        },
        {
            "orderId": 109,
            "origin": 2,
            "destination": 4,
            "volume": 29
        },
        {
            "orderId": 110,
            "origin": 4,
            "destination": 3,
            "volume": 18
        },
        {
            "orderId": 111,
            "origin": 4,
            "destination": 3,
            "volume": 32
        },
        {
            "orderId": 112,
            "origin": 3,
            "destination": 2,
            "volume": 19
        },
        {
            "orderId": 113,
            "origin": 2,
            "destination": 4,
            "volume": 11
        },
        {
            "orderId": 114,
            "origin": 1,
            "destination": 2,
            "volume": 23
        },
        {
            "orderId": 115,
            "origin": 2,
            "destination": 4,
            "volume": 29
        },
        {
            "orderId": 116,
            "origin": 1,
            "destination": 4,
            "volume": 5
        },
        {
            "orderId": 117,
            "origin": 1,
            "destination": 2,
            "volume": 25
        },
        {
            "orderId": 118,
            "origin": 4,
            "destination": 2,
            "volume": 20
        },
        {
            "orderId": 119,
            "origin": 3,
            "destination": 4,
            "volume": 5
        },
        {
            "orderId": 120,
            "origin": 3,
            "destination": 1,
            "volume": 12
        },
        {
            "orderId": 121,
            "origin": 2,
            "destination": 4,
            "volume": 28
        },
        {
            "orderId": 122,
            "origin": 2,
            "destination": 3,
            "volume": 7
        },
        {
            "orderId": 123,
            "origin": 4,
            "destination": 3,
            "volume": 9
        },
        {
            "orderId": 124,
            "origin": 3,
            "destination": 4,
            "volume": 31
        },
        {
            "orderId": 125,
            "origin": 3,
            "destination": 2,
            "volume": 5
        },
        {
            "orderId": 126,
            "origin": 4,
            "destination": 2,
            "volume": 29
        },
        {
            "orderId": 127,
            "origin": 2,
            "destination": 1,
            "volume": 18
        },
        {
            "orderId": 128,
            "origin": 2,
            "destination": 3,
            "volume": 10
        },
        {
            "orderId": 129,
            "origin": 4,
            "destination": 2,
            "volume": 13
        },
        {
            "orderId": 130,
            "origin": 2,
            "destination": 3,
            "volume": 27
        },
        {
            "orderId": 131,
            "origin": 1,
            "destination": 3,
            "volume": 13
        },
        {
            "orderId": 132,
            "origin": 2,
            "destination": 1,
            "volume": 2
        },
        {
            "orderId": 133,
            "origin": 3,
            "destination": 4,
            "volume": 16
        },
        {
            "orderId": 134,
            "origin": 1,
            "destination": 4,
            "volume": 28
        },
        {
            "orderId": 135,
            "origin": 4,
            "destination": 3,
            "volume": 16
        },
        {
            "orderId": 136,
            "origin": 4,
            "destination": 3,
            "volume": 31
        },
        {
            "orderId": 137,
            "origin": 1,
            "destination": 3,
            "volume": 8
        },
        {
            "orderId": 138,
            "origin": 4,
            "destination": 2,
            "volume": 26
        },
        {
            "orderId": 139,
            "origin": 4,
            "destination": 2,
            "volume": 3
        },
        {
            "orderId": 140,
            "origin": 4,
            "destination": 1,
            "volume": 27
        },
        {
            "orderId": 141,
            "origin": 2,
            "destination": 1,
            "volume": 24
        },
        {
            "orderId": 142,
            "origin": 2,
            "destination": 1,
            "volume": 25
        },
        {
            "orderId": 143,
            "origin": 1,
            "destination": 2,
            "volume": 18
        },
        {
            "orderId": 144,
            "origin": 1,
            "destination": 3,
            "volume": 4
        },
        {
            "orderId": 145,
            "origin": 3,
            "destination": 1,
            "volume": 3
        },
        {
            "orderId": 146,
            "origin": 4,
            "destination": 1,
            "volume": 19
        },
        {
            "orderId": 147,
            "origin": 2,
            "destination": 4,
            "volume": 4
        },
        {
            "orderId": 148,
            "origin": 3,
            "destination": 2,
            "volume": 29
        },
        {
            "orderId": 149,
            "origin": 4,
            "destination": 2,
            "volume": 17
        },
        {
            "orderId": 150,
            "origin": 2,
            "destination": 4,
            "volume": 20
        },
        {
            "orderId": 151,
            "origin": 1,
            "destination": 3,
            "volume": 21
        },
        {
            "orderId": 152,
            "origin": 2,
            "destination": 1,
            "volume": 20
        },
        {
            "orderId": 153,
            "origin": 4,
            "destination": 1,
            "volume": 28
        },
        {
            "orderId": 154,
            "origin": 2,
            "destination": 4,
            "volume": 22
        },
        {
            "orderId": 155,
            "origin": 3,
            "destination": 1,
            "volume": 6
        },
        {
            "orderId": 156,
            "origin": 4,
            "destination": 3,
            "volume": 3
        },
        {
            "orderId": 157,
            "origin": 4,
            "destination": 2,
            "volume": 26
        },
        {
            "orderId": 158,
            "origin": 1,
            "destination": 3,
            "volume": 13
        },
        {
            "orderId": 159,
            "origin": 1,
            "destination": 4,
            "volume": 6
        },
        {
            "orderId": 160,
            "origin": 3,
            "destination": 2,
            "volume": 5
        },
        {
            "orderId": 161,
            "origin": 3,
            "destination": 4,
            "volume": 17
        },
        {
            "orderId": 162,
            "origin": 1,
            "destination": 4,
            "volume": 1
        },
        {
            "orderId": 163,
            "origin": 3,
            "destination": 1,
            "volume": 14
        },
        {
            "orderId": 164,
            "origin": 1,
            "destination": 4,
            "volume": 12
        },
        {
            "orderId": 165,
            "origin": 1,
            "destination": 3,
            "volume": 26
        },
        {
            "orderId": 166,
            "origin": 3,
            "destination": 1,
            "volume": 22
        },
        {
            "orderId": 167,
            "origin": 3,
            "destination": 2,
            "volume": 6
        },
        {
            "orderId": 168,
            "origin": 2,
            "destination": 1,
            "volume": 20
        },
        {
            "orderId": 169,
            "origin": 1,
            "destination": 3,
            "volume": 23
        },
        {
            "orderId": 170,
            "origin": 4,
            "destination": 1,
            "volume": 26
        },
        {
            "orderId": 171,
            "origin": 4,
            "destination": 1,
            "volume": 14
        },
        {
            "orderId": 172,
            "origin": 1,
            "destination": 3,
            "volume": 22
        },
        {
            "orderId": 173,
            "origin": 3,
            "destination": 4,
            "volume": 23
        },
        {
            "orderId": 174,
            "origin": 1,
            "destination": 2,
            "volume": 9
        },
        {
            "orderId": 175,
            "origin": 4,
            "destination": 3,
            "volume": 9
        },
        {
            "orderId": 176,
            "origin": 1,
            "destination": 3,
            "volume": 11
        },
        {
            "orderId": 177,
            "origin": 1,
            "destination": 3,
            "volume": 32
        },
        {
            "orderId": 178,
            "origin": 1,
            "destination": 4,
            "volume": 24
        },
        {
            "orderId": 179,
            "origin": 1,
            "destination": 4,
            "volume": 21
        },
        {
            "orderId": 180,
            "origin": 2,
            "destination": 4,
            "volume": 11
        },
        {
            "orderId": 181,
            "origin": 4,
            "destination": 2,
            "volume": 25
        },
        {
            "orderId": 182,
            "origin": 4,
            "destination": 3,
            "volume": 18
        },
        {
            "orderId": 183,
            "origin": 3,
            "destination": 2,
            "volume": 23
        },
        {
            "orderId": 184,
            "origin": 2,
            "destination": 3,
            "volume": 20
        },
        {
            "orderId": 185,
            "origin": 2,
            "destination": 3,
            "volume": 11
        },
        {
            "orderId": 186,
            "origin": 2,
            "destination": 4,
            "volume": 4
        },
        {
            "orderId": 187,
            "origin": 3,
            "destination": 4,
            "volume": 24
        },
        {
            "orderId": 188,
            "origin": 1,
            "destination": 3,
            "volume": 1
        },
        {
            "orderId": 189,
            "origin": 1,
            "destination": 2,
            "volume": 20
        },
        {
            "orderId": 190,
            "origin": 2,
            "destination": 4,
            "volume": 25
        },
        {
            "orderId": 191,
            "origin": 3,
            "destination": 4,
            "volume": 27
        },
        {
            "orderId": 192,
            "origin": 3,
            "destination": 4,
            "volume": 4
        },
        {
            "orderId": 193,
            "origin": 3,
            "destination": 2,
            "volume": 21
        },
        {
            "orderId": 194,
            "origin": 1,
            "destination": 4,
            "volume": 24
        },
        {
            "orderId": 195,
            "origin": 3,
            "destination": 4,
            "volume": 19
        },
        {
            "orderId": 196,
            "origin": 4,
            "destination": 3,
            "volume": 17
        },
        {
            "orderId": 197,
            "origin": 2,
            "destination": 4,
            "volume": 23
        },
        {
            "orderId": 198,
            "origin": 2,
            "destination": 1,
            "volume": 25
        },
        {
            "orderId": 199,
            "origin": 4,
            "destination": 2,
            "volume": 16
        },
        {
            "orderId": 200,
            "origin": 4,
            "destination": 3,
            "volume": 24
        },
        {
            "orderId": 201,
            "origin": 4,
            "destination": 3,
            "volume": 15
        },
        {
            "orderId": 202,
            "origin": 3,
            "destination": 4,
            "volume": 21
        },
        {
            "orderId": 203,
            "origin": 1,
            "destination": 2,
            "volume": 17
        },
        {
            "orderId": 204,
            "origin": 2,
            "destination": 4,
            "volume": 29
        },
        {
            "orderId": 205,
            "origin": 3,
            "destination": 4,
            "volume": 6
        },
        {
            "orderId": 206,
            "origin": 2,
            "destination": 4,
            "volume": 32
        },
        {
            "orderId": 207,
            "origin": 1,
            "destination": 3,
            "volume": 14
        },
        {
            "orderId": 208,
            "origin": 4,
            "destination": 2,
            "volume": 27
        },
        {
            "orderId": 209,
            "origin": 1,
            "destination": 2,
            "volume": 10
        },
        {
            "orderId": 210,
            "origin": 3,
            "destination": 2,
            "volume": 28
        },
        {
            "orderId": 211,
            "origin": 4,
            "destination": 1,
            "volume": 16
        },
        {
            "orderId": 212,
            "origin": 4,
            "destination": 1,
            "volume": 11
        },
        {
            "orderId": 213,
            "origin": 1,
            "destination": 2,
            "volume": 9
        },
        {
            "orderId": 214,
            "origin": 1,
            "destination": 4,
            "volume": 24
        },
        {
            "orderId": 215,
            "origin": 1,
            "destination": 2,
            "volume": 9
        },
        {
            "orderId": 216,
            "origin": 3,
            "destination": 4,
            "volume": 17
        },
        {
            "orderId": 217,
            "origin": 4,
            "destination": 3,
            "volume": 24
        },
        {
            "orderId": 218,
            "origin": 4,
            "destination": 2,
            "volume": 5
        },
        {
            "orderId": 219,
            "origin": 3,
            "destination": 1,
            "volume": 14
        },
        {
            "orderId": 220,
            "origin": 3,
            "destination": 4,
            "volume": 24
        },
        {
            "orderId": 221,
            "origin": 4,
            "destination": 3,
            "volume": 17
        },
        {
            "orderId": 222,
            "origin": 2,
            "destination": 3,
            "volume": 2
        },
        {
            "orderId": 223,
            "origin": 1,
            "destination": 3,
            "volume": 22
        },
        {
            "orderId": 224,
            "origin": 3,
            "destination": 4,
            "volume": 8
        },
        {
            "orderId": 225,
            "origin": 4,
            "destination": 1,
            "volume": 19
        },
        {
            "orderId": 226,
            "origin": 4,
            "destination": 1,
            "volume": 21
        },
        {
            "orderId": 227,
            "origin": 2,
            "destination": 4,
            "volume": 18
        },
        {
            "orderId": 228,
            "origin": 4,
            "destination": 1,
            "volume": 25
        },
        {
            "orderId": 229,
            "origin": 1,
            "destination": 4,
            "volume": 2
        },
        {
            "orderId": 230,
            "origin": 2,
            "destination": 1,
            "volume": 5
        },
        {
            "orderId": 231,
            "origin": 3,
            "destination": 4,
            "volume": 3
        },
        {
            "orderId": 232,
            "origin": 1,
            "destination": 2,
            "volume": 8
        },
        {
            "orderId": 233,
            "origin": 4,
            "destination": 3,
            "volume": 15
        },
        {
            "orderId": 234,
            "origin": 3,
            "destination": 1,
            "volume": 5
        },
        {
            "orderId": 235,
            "origin": 3,
            "destination": 4,
            "volume": 31
        },
        {
            "orderId": 236,
            "origin": 1,
            "destination": 4,
            "volume": 27
        },
        {
            "orderId": 237,
            "origin": 3,
            "destination": 2,
            "volume": 14
        },
        {
            "orderId": 238,
            "origin": 2,
            "destination": 3,
            "volume": 1
        },
        {
            "orderId": 239,
            "origin": 4,
            "destination": 1,
            "volume": 30
        },
        {
            "orderId": 240,
            "origin": 1,
            "destination": 3,
            "volume": 28
        },
        {
            "orderId": 241,
            "origin": 1,
            "destination": 4,
            "volume": 28
        },
        {
            "orderId": 242,
            "origin": 2,
            "destination": 1,
            "volume": 29
        },
        {
            "orderId": 243,
            "origin": 2,
            "destination": 1,
            "volume": 15
        },
        {
            "orderId": 244,
            "origin": 1,
            "destination": 3,
            "volume": 1
        },
        {
            "orderId": 245,
            "origin": 2,
            "destination": 4,
            "volume": 25
        },
        {
            "orderId": 246,
            "origin": 1,
            "destination": 2,
            "volume": 10
        },
        {
            "orderId": 247,
            "origin": 1,
            "destination": 3,
            "volume": 7
        },
        {
            "orderId": 248,
            "origin": 1,
            "destination": 4,
            "volume": 3
        },
        {
            "orderId": 249,
            "origin": 2,
            "destination": 4,
            "volume": 26
        },
        {
            "orderId": 250,
            "origin": 2,
            "destination": 3,
            "volume": 22
        },
        {
            "orderId": 251,
            "origin": 1,
            "destination": 4,
            "volume": 27
        },
        {
            "orderId": 252,
            "origin": 4,
            "destination": 2,
            "volume": 29
        },
        {
            "orderId": 253,
            "origin": 4,
            "destination": 3,
            "volume": 21
        },
        {
            "orderId": 254,
            "origin": 3,
            "destination": 4,
            "volume": 8
        },
        {
            "orderId": 255,
            "origin": 3,
            "destination": 4,
            "volume": 24
        },
        {
            "orderId": 256,
            "origin": 4,
            "destination": 3,
            "volume": 7
        },
        {
            "orderId": 257,
            "origin": 2,
            "destination": 1,
            "volume": 18
        },
        {
            "orderId": 258,
            "origin": 4,
            "destination": 3,
            "volume": 30
        },
        {
            "orderId": 259,
            "origin": 3,
            "destination": 1,
            "volume": 3
        },
        {
            "orderId": 260,
            "origin": 4,
            "destination": 3,
            "volume": 29
        },
        {
            "orderId": 261,
            "origin": 1,
            "destination": 2,
            "volume": 3
        },
        {
            "orderId": 262,
            "origin": 2,
            "destination": 1,
            "volume": 7
        },
        {
            "orderId": 263,
            "origin": 4,
            "destination": 3,
            "volume": 22
        },
        {
            "orderId": 264,
            "origin": 1,
            "destination": 3,
            "volume": 13
        },
        {
            "orderId": 265,
            "origin": 2,
            "destination": 3,
            "volume": 24
        },
        {
            "orderId": 266,
            "origin": 3,
            "destination": 4,
            "volume": 3
        },
        {
            "orderId": 267,
            "origin": 4,
            "destination": 1,
            "volume": 28
        },
        {
            "orderId": 268,
            "origin": 1,
            "destination": 2,
            "volume": 8
        },
        {
            "orderId": 269,
            "origin": 3,
            "destination": 2,
            "volume": 17
        },
        {
            "orderId": 270,
            "origin": 4,
            "destination": 2,
            "volume": 19
        },
        {
            "orderId": 271,
            "origin": 4,
            "destination": 1,
            "volume": 5
        },
        {
            "orderId": 272,
            "origin": 2,
            "destination": 3,
            "volume": 30
        },
        {
            "orderId": 273,
            "origin": 1,
            "destination": 4,
            "volume": 8
        },
        {
            "orderId": 274,
            "origin": 4,
            "destination": 3,
            "volume": 19
        },
        {
            "orderId": 275,
            "origin": 1,
            "destination": 4,
            "volume": 15
        },
        {
            "orderId": 276,
            "origin": 1,
            "destination": 3,
            "volume": 10
        },
        {
            "orderId": 277,
            "origin": 4,
            "destination": 3,
            "volume": 32
        },
        {
            "orderId": 278,
            "origin": 3,
            "destination": 2,
            "volume": 16
        },
        {
            "orderId": 279,
            "origin": 4,
            "destination": 1,
            "volume": 26
        },
        {
            "orderId": 280,
            "origin": 1,
            "destination": 2,
            "volume": 4
        },
        {
            "orderId": 281,
            "origin": 4,
            "destination": 3,
            "volume": 16
        },
        {
            "orderId": 282,
            "origin": 4,
            "destination": 2,
            "volume": 13
        },
        {
            "orderId": 283,
            "origin": 2,
            "destination": 1,
            "volume": 1
        },
        {
            "orderId": 284,
            "origin": 3,
            "destination": 2,
            "volume": 9
        },
        {
            "orderId": 285,
            "origin": 1,
            "destination": 3,
            "volume": 25
        },
        {
            "orderId": 286,
            "origin": 3,
            "destination": 4,
            "volume": 16
        },
        {
            "orderId": 287,
            "origin": 2,
            "destination": 4,
            "volume": 32
        },
        {
            "orderId": 288,
            "origin": 2,
            "destination": 3,
            "volume": 11
        },
        {
            "orderId": 289,
            "origin": 2,
            "destination": 4,
            "volume": 29
        },
        {
            "orderId": 290,
            "origin": 3,
            "destination": 2,
            "volume": 15
        },
        {
            "orderId": 291,
            "origin": 2,
            "destination": 1,
            "volume": 17
        },
        {
            "orderId": 292,
            "origin": 3,
            "destination": 4,
            "volume": 19
        },
        {
            "orderId": 293,
            "origin": 2,
            "destination": 4,
            "volume": 6
        },
        {
            "orderId": 294,
            "origin": 3,
            "destination": 4,
            "volume": 26
        },
        {
            "orderId": 295,
            "origin": 4,
            "destination": 2,
            "volume": 13
        },
        {
            "orderId": 296,
            "origin": 3,
            "destination": 2,
            "volume": 9
        },
        {
            "orderId": 297,
            "origin": 2,
            "destination": 4,
            "volume": 17
        },
        {
            "orderId": 298,
            "origin": 4,
            "destination": 3,
            "volume": 28
        },
        {
            "orderId": 299,
            "origin": 2,
            "destination": 4,
            "volume": 26
        },
        {
            "orderId": 300,
            "origin": 1,
            "destination": 3,
            "volume": 20
        },
        {
            "orderId": 301,
            "origin": 1,
            "destination": 4,
            "volume": 17
        },
        {
            "orderId": 302,
            "origin": 2,
            "destination": 3,
            "volume": 12
        },
        {
            "orderId": 303,
            "origin": 1,
            "destination": 3,
            "volume": 2
        },
        {
            "orderId": 304,
            "origin": 3,
            "destination": 2,
            "volume": 30
        },
        {
            "orderId": 305,
            "origin": 4,
            "destination": 1,
            "volume": 28
        },
        {
            "orderId": 306,
            "origin": 4,
            "destination": 1,
            "volume": 31
        },
        {
            "orderId": 307,
            "origin": 2,
            "destination": 4,
            "volume": 9
        },
        {
            "orderId": 308,
            "origin": 3,
            "destination": 1,
            "volume": 14
        },
        {
            "orderId": 309,
            "origin": 2,
            "destination": 1,
            "volume": 9
        },
        {
            "orderId": 310,
            "origin": 3,
            "destination": 2,
            "volume": 1
        },
        {
            "orderId": 311,
            "origin": 2,
            "destination": 1,
            "volume": 10
        },
        {
            "orderId": 312,
            "origin": 2,
            "destination": 1,
            "volume": 20
        },
        {
            "orderId": 313,
            "origin": 3,
            "destination": 4,
            "volume": 24
        },
        {
            "orderId": 314,
            "origin": 1,
            "destination": 3,
            "volume": 18
        },
        {
            "orderId": 315,
            "origin": 3,
            "destination": 4,
            "volume": 9
        },
        {
            "orderId": 316,
            "origin": 1,
            "destination": 2,
            "volume": 16
        },
        {
            "orderId": 317,
            "origin": 1,
            "destination": 2,
            "volume": 7
        },
        {
            "orderId": 318,
            "origin": 4,
            "destination": 3,
            "volume": 22
        },
        {
            "orderId": 319,
            "origin": 4,
            "destination": 1,
            "volume": 28
        },
        {
            "orderId": 320,
            "origin": 3,
            "destination": 2,
            "volume": 6
        },
        {
            "orderId": 321,
            "origin": 3,
            "destination": 4,
            "volume": 6
        },
        {
            "orderId": 322,
            "origin": 3,
            "destination": 4,
            "volume": 29
        },
        {
            "orderId": 323,
            "origin": 2,
            "destination": 1,
            "volume": 14
        },
        {
            "orderId": 324,
            "origin": 4,
            "destination": 3,
            "volume": 17
        },
        {
            "orderId": 325,
            "origin": 1,
            "destination": 3,
            "volume": 27
        },
        {
            "orderId": 326,
            "origin": 3,
            "destination": 1,
            "volume": 17
        },
        {
            "orderId": 327,
            "origin": 4,
            "destination": 3,
            "volume": 20
        },
        {
            "orderId": 328,
            "origin": 1,
            "destination": 4,
            "volume": 8
        },
        {
            "orderId": 329,
            "origin": 3,
            "destination": 4,
            "volume": 11
        },
        {
            "orderId": 330,
            "origin": 2,
            "destination": 1,
            "volume": 25
        },
        {
            "orderId": 331,
            "origin": 3,
            "destination": 1,
            "volume": 23
        },
        {
            "orderId": 332,
            "origin": 3,
            "destination": 4,
            "volume": 15
        },
        {
            "orderId": 333,
            "origin": 4,
            "destination": 1,
            "volume": 3
        },
        {
            "orderId": 334,
            "origin": 4,
            "destination": 1,
            "volume": 21
        },
        {
            "orderId": 335,
            "origin": 1,
            "destination": 2,
            "volume": 17
        },
        {
            "orderId": 336,
            "origin": 3,
            "destination": 4,
            "volume": 13
        },
        {
            "orderId": 337,
            "origin": 1,
            "destination": 3,
            "volume": 17
        },
        {
            "orderId": 338,
            "origin": 3,
            "destination": 4,
            "volume": 29
        },
        {
            "orderId": 339,
            "origin": 3,
            "destination": 2,
            "volume": 12
        },
        {
            "orderId": 340,
            "origin": 4,
            "destination": 1,
            "volume": 18
        },
        {
            "orderId": 341,
            "origin": 4,
            "destination": 3,
            "volume": 20
        },
        {
            "orderId": 342,
            "origin": 3,
            "destination": 4,
            "volume": 12
        },
        {
            "orderId": 343,
            "origin": 3,
            "destination": 2,
            "volume": 7
        },
        {
            "orderId": 344,
            "origin": 2,
            "destination": 1,
            "volume": 5
        },
        {
            "orderId": 345,
            "origin": 3,
            "destination": 1,
            "volume": 7
        },
        {
            "orderId": 346,
            "origin": 3,
            "destination": 4,
            "volume": 22
        },
        {
            "orderId": 347,
            "origin": 4,
            "destination": 2,
            "volume": 4
        },
        {
            "orderId": 348,
            "origin": 2,
            "destination": 4,
            "volume": 26
        },
        {
            "orderId": 349,
            "origin": 4,
            "destination": 3,
            "volume": 22
        },
        {
            "orderId": 350,
            "origin": 1,
            "destination": 4,
            "volume": 12
        },
        {
            "orderId": 351,
            "origin": 1,
            "destination": 3,
            "volume": 26
        },
        {
            "orderId": 352,
            "origin": 1,
            "destination": 4,
            "volume": 5
        },
        {
            "orderId": 353,
            "origin": 3,
            "destination": 2,
            "volume": 32
        },
        {
            "orderId": 354,
            "origin": 3,
            "destination": 2,
            "volume": 4
        },
        {
            "orderId": 355,
            "origin": 4,
            "destination": 1,
            "volume": 3
        },
        {
            "orderId": 356,
            "origin": 3,
            "destination": 1,
            "volume": 19
        },
        {
            "orderId": 357,
            "origin": 3,
            "destination": 2,
            "volume": 8
        },
        {
            "orderId": 358,
            "origin": 4,
            "destination": 2,
            "volume": 27
        },
        {
            "orderId": 359,
            "origin": 2,
            "destination": 4,
            "volume": 32
        },
        {
            "orderId": 360,
            "origin": 3,
            "destination": 1,
            "volume": 30
        },
        {
            "orderId": 361,
            "origin": 4,
            "destination": 2,
            "volume": 3
        },
        {
            "orderId": 362,
            "origin": 4,
            "destination": 1,
            "volume": 29
        },
        {
            "orderId": 363,
            "origin": 2,
            "destination": 1,
            "volume": 17
        },
        {
            "orderId": 364,
            "origin": 2,
            "destination": 4,
            "volume": 16
        },
        {
            "orderId": 365,
            "origin": 4,
            "destination": 3,
            "volume": 2
        },
        {
            "orderId": 366,
            "origin": 2,
            "destination": 3,
            "volume": 19
        },
        {
            "orderId": 367,
            "origin": 3,
            "destination": 2,
            "volume": 11
        },
        {
            "orderId": 368,
            "origin": 3,
            "destination": 1,
            "volume": 21
        },
        {
            "orderId": 369,
            "origin": 1,
            "destination": 3,
            "volume": 9
        },
        {
            "orderId": 370,
            "origin": 1,
            "destination": 3,
            "volume": 15
        },
        {
            "orderId": 371,
            "origin": 2,
            "destination": 1,
            "volume": 2
        },
        {
            "orderId": 372,
            "origin": 4,
            "destination": 3,
            "volume": 23
        },
        {
            "orderId": 373,
            "origin": 2,
            "destination": 4,
            "volume": 10
        },
        {
            "orderId": 374,
            "origin": 4,
            "destination": 3,
            "volume": 23
        },
        {
            "orderId": 375,
            "origin": 3,
            "destination": 4,
            "volume": 18
        },
        {
            "orderId": 376,
            "origin": 1,
            "destination": 4,
            "volume": 18
        },
        {
            "orderId": 377,
            "origin": 1,
            "destination": 2,
            "volume": 30
        },
        {
            "orderId": 378,
            "origin": 4,
            "destination": 3,
            "volume": 4
        },
        {
            "orderId": 379,
            "origin": 3,
            "destination": 2,
            "volume": 31
        },
        {
            "orderId": 380,
            "origin": 4,
            "destination": 3,
            "volume": 20
        },
        {
            "orderId": 381,
            "origin": 1,
            "destination": 2,
            "volume": 4
        },
        {
            "orderId": 382,
            "origin": 1,
            "destination": 3,
            "volume": 3
        },
        {
            "orderId": 383,
            "origin": 4,
            "destination": 3,
            "volume": 17
        },
        {
            "orderId": 384,
            "origin": 4,
            "destination": 3,
            "volume": 14
        },
        {
            "orderId": 385,
            "origin": 4,
            "destination": 1,
            "volume": 32
        },
        {
            "orderId": 386,
            "origin": 3,
            "destination": 1,
            "volume": 11
        },
        {
            "orderId": 387,
            "origin": 4,
            "destination": 3,
            "volume": 9
        },
        {
            "orderId": 388,
            "origin": 1,
            "destination": 4,
            "volume": 23
        },
        {
            "orderId": 389,
            "origin": 4,
            "destination": 2,
            "volume": 13
        },
        {
            "orderId": 390,
            "origin": 1,
            "destination": 3,
            "volume": 17
        },
        {
            "orderId": 391,
            "origin": 2,
            "destination": 1,
            "volume": 2
        },
        {
            "orderId": 392,
            "origin": 4,
            "destination": 2,
            "volume": 11
        },
        {
            "orderId": 393,
            "origin": 3,
            "destination": 4,
            "volume": 27
        },
        {
            "orderId": 394,
            "origin": 1,
            "destination": 2,
            "volume": 23
        },
        {
            "orderId": 395,
            "origin": 3,
            "destination": 2,
            "volume": 24
        },
        {
            "orderId": 396,
            "origin": 4,
            "destination": 1,
            "volume": 19
        },
        {
            "orderId": 397,
            "origin": 1,
            "destination": 2,
            "volume": 28
        },
        {
            "orderId": 398,
            "origin": 2,
            "destination": 3,
            "volume": 25
        },
        {
            "orderId": 399,
            "origin": 2,
            "destination": 1,
            "volume": 29
        },
        {
            "orderId": 400,
            "origin": 2,
            "destination": 4,
            "volume": 8
        },
        {
            "orderId": 401,
            "origin": 4,
            "destination": 1,
            "volume": 18
        },
        {
            "orderId": 402,
            "origin": 2,
            "destination": 1,
            "volume": 9
        },
        {
            "orderId": 403,
            "origin": 3,
            "destination": 4,
            "volume": 22
        },
        {
            "orderId": 404,
            "origin": 2,
            "destination": 4,
            "volume": 3
        },
        {
            "orderId": 405,
            "origin": 1,
            "destination": 4,
            "volume": 25
        },
        {
            "orderId": 406,
            "origin": 4,
            "destination": 3,
            "volume": 27
        },
        {
            "orderId": 407,
            "origin": 3,
            "destination": 2,
            "volume": 11
        },
        {
            "orderId": 408,
            "origin": 3,
            "destination": 2,
            "volume": 16
        },
        {
            "orderId": 409,
            "origin": 3,
            "destination": 1,
            "volume": 8
        },
        {
            "orderId": 410,
            "origin": 3,
            "destination": 4,
            "volume": 21
        },
        {
            "orderId": 411,
            "origin": 4,
            "destination": 3,
            "volume": 28
        },
        {
            "orderId": 412,
            "origin": 1,
            "destination": 3,
            "volume": 19
        },
        {
            "orderId": 413,
            "origin": 3,
            "destination": 2,
            "volume": 12
        },
        {
            "orderId": 414,
            "origin": 1,
            "destination": 3,
            "volume": 23
        },
        {
            "orderId": 415,
            "origin": 4,
            "destination": 2,
            "volume": 17
        },
        {
            "orderId": 416,
            "origin": 3,
            "destination": 1,
            "volume": 7
        },
        {
            "orderId": 417,
            "origin": 1,
            "destination": 4,
            "volume": 21
        },
        {
            "orderId": 418,
            "origin": 3,
            "destination": 4,
            "volume": 14
        },
        {
            "orderId": 419,
            "origin": 1,
            "destination": 2,
            "volume": 9
        },
        {
            "orderId": 420,
            "origin": 4,
            "destination": 3,
            "volume": 1
        },
        {
            "orderId": 421,
            "origin": 2,
            "destination": 1,
            "volume": 22
        },
        {
            "orderId": 422,
            "origin": 4,
            "destination": 2,
            "volume": 27
        },
        {
            "orderId": 423,
            "origin": 4,
            "destination": 1,
            "volume": 5
        },
        {
            "orderId": 424,
            "origin": 1,
            "destination": 3,
            "volume": 17
        },
        {
            "orderId": 425,
            "origin": 3,
            "destination": 4,
            "volume": 5
        },
        {
            "orderId": 426,
            "origin": 3,
            "destination": 1,
            "volume": 17
        },
        {
            "orderId": 427,
            "origin": 2,
            "destination": 3,
            "volume": 2
        },
        {
            "orderId": 428,
            "origin": 3,
            "destination": 1,
            "volume": 3
        },
        {
            "orderId": 429,
            "origin": 1,
            "destination": 4,
            "volume": 20
        },
        {
            "orderId": 430,
            "origin": 1,
            "destination": 4,
            "volume": 24
        },
        {
            "orderId": 431,
            "origin": 2,
            "destination": 3,
            "volume": 10
        },
        {
            "orderId": 432,
            "origin": 1,
            "destination": 4,
            "volume": 7
        },
        {
            "orderId": 433,
            "origin": 2,
            "destination": 1,
            "volume": 18
        },
        {
            "orderId": 434,
            "origin": 3,
            "destination": 2,
            "volume": 19
        },
        {
            "orderId": 435,
            "origin": 1,
            "destination": 4,
            "volume": 5
        },
        {
            "orderId": 436,
            "origin": 2,
            "destination": 1,
            "volume": 32
        },
        {
            "orderId": 437,
            "origin": 1,
            "destination": 4,
            "volume": 30
        },
        {
            "orderId": 438,
            "origin": 4,
            "destination": 3,
            "volume": 13
        },
        {
            "orderId": 439,
            "origin": 2,
            "destination": 3,
            "volume": 6
        },
        {
            "orderId": 440,
            "origin": 2,
            "destination": 3,
            "volume": 23
        },
        {
            "orderId": 441,
            "origin": 4,
            "destination": 3,
            "volume": 19
        },
        {
            "orderId": 442,
            "origin": 4,
            "destination": 1,
            "volume": 10
        },
        {
            "orderId": 443,
            "origin": 3,
            "destination": 4,
            "volume": 13
        },
        {
            "orderId": 444,
            "origin": 2,
            "destination": 4,
            "volume": 14
        },
        {
            "orderId": 445,
            "origin": 3,
            "destination": 2,
            "volume": 10
        },
        {
            "orderId": 446,
            "origin": 3,
            "destination": 2,
            "volume": 13
        },
        {
            "orderId": 447,
            "origin": 3,
            "destination": 1,
            "volume": 32
        },
        {
            "orderId": 448,
            "origin": 1,
            "destination": 2,
            "volume": 28
        },
        {
            "orderId": 449,
            "origin": 1,
            "destination": 3,
            "volume": 23
        },
        {
            "orderId": 450,
            "origin": 2,
            "destination": 4,
            "volume": 7
        },
        {
            "orderId": 451,
            "origin": 3,
            "destination": 1,
            "volume": 24
        },
        {
            "orderId": 452,
            "origin": 1,
            "destination": 2,
            "volume": 20
        },
        {
            "orderId": 453,
            "origin": 3,
            "destination": 2,
            "volume": 14
        },
        {
            "orderId": 454,
            "origin": 2,
            "destination": 3,
            "volume": 30
        },
        {
            "orderId": 455,
            "origin": 3,
            "destination": 4,
            "volume": 15
        },
        {
            "orderId": 456,
            "origin": 1,
            "destination": 4,
            "volume": 7
        },
        {
            "orderId": 457,
            "origin": 1,
            "destination": 4,
            "volume": 10
        },
        {
            "orderId": 458,
            "origin": 1,
            "destination": 4,
            "volume": 11
        },
        {
            "orderId": 459,
            "origin": 3,
            "destination": 4,
            "volume": 18
        },
        {
            "orderId": 460,
            "origin": 3,
            "destination": 1,
            "volume": 13
        },
        {
            "orderId": 461,
            "origin": 3,
            "destination": 1,
            "volume": 26
        },
        {
            "orderId": 462,
            "origin": 4,
            "destination": 1,
            "volume": 16
        },
        {
            "orderId": 463,
            "origin": 4,
            "destination": 1,
            "volume": 1
        },
        {
            "orderId": 464,
            "origin": 2,
            "destination": 4,
            "volume": 15
        },
        {
            "orderId": 465,
            "origin": 4,
            "destination": 1,
            "volume": 6
        },
        {
            "orderId": 466,
            "origin": 1,
            "destination": 3,
            "volume": 4
        },
        {
            "orderId": 467,
            "origin": 2,
            "destination": 4,
            "volume": 27
        },
        {
            "orderId": 468,
            "origin": 2,
            "destination": 1,
            "volume": 24
        },
        {
            "orderId": 469,
            "origin": 2,
            "destination": 3,
            "volume": 10
        },
        {
            "orderId": 470,
            "origin": 1,
            "destination": 3,
            "volume": 10
        },
        {
            "orderId": 471,
            "origin": 2,
            "destination": 4,
            "volume": 2
        },
        {
            "orderId": 472,
            "origin": 2,
            "destination": 1,
            "volume": 15
        },
        {
            "orderId": 473,
            "origin": 1,
            "destination": 4,
            "volume": 11
        },
        {
            "orderId": 474,
            "origin": 4,
            "destination": 3,
            "volume": 19
        },
        {
            "orderId": 475,
            "origin": 2,
            "destination": 3,
            "volume": 21
        },
        {
            "orderId": 476,
            "origin": 1,
            "destination": 4,
            "volume": 18
        },
        {
            "orderId": 477,
            "origin": 4,
            "destination": 3,
            "volume": 5
        },
        {
            "orderId": 478,
            "origin": 3,
            "destination": 4,
            "volume": 11
        },
        {
            "orderId": 479,
            "origin": 4,
            "destination": 2,
            "volume": 19
        },
        {
            "orderId": 480,
            "origin": 3,
            "destination": 2,
            "volume": 13
        },
        {
            "orderId": 481,
            "origin": 3,
            "destination": 2,
            "volume": 29
        },
        {
            "orderId": 482,
            "origin": 1,
            "destination": 4,
            "volume": 25
        },
        {
            "orderId": 483,
            "origin": 3,
            "destination": 4,
            "volume": 31
        },
        {
            "orderId": 484,
            "origin": 3,
            "destination": 2,
            "volume": 30
        },
        {
            "orderId": 485,
            "origin": 2,
            "destination": 4,
            "volume": 13
        },
        {
            "orderId": 486,
            "origin": 1,
            "destination": 2,
            "volume": 23
        },
        {
            "orderId": 487,
            "origin": 4,
            "destination": 1,
            "volume": 27
        },
        {
            "orderId": 488,
            "origin": 2,
            "destination": 4,
            "volume": 6
        },
        {
            "orderId": 489,
            "origin": 2,
            "destination": 4,
            "volume": 12
        },
        {
            "orderId": 490,
            "origin": 1,
            "destination": 3,
            "volume": 3
        },
        {
            "orderId": 491,
            "origin": 4,
            "destination": 3,
            "volume": 11
        },
        {
            "orderId": 492,
            "origin": 4,
            "destination": 2,
            "volume": 6
        },
        {
            "orderId": 493,
            "origin": 2,
            "destination": 3,
            "volume": 15
        },
        {
            "orderId": 494,
            "origin": 4,
            "destination": 2,
            "volume": 21
        },
        {
            "orderId": 495,
            "origin": 1,
            "destination": 4,
            "volume": 14
        },
        {
            "orderId": 496,
            "origin": 3,
            "destination": 2,
            "volume": 3
        },
        {
            "orderId": 497,
            "origin": 1,
            "destination": 2,
            "volume": 24
        },
        {
            "orderId": 498,
            "origin": 2,
            "destination": 3,
            "volume": 12
        },
        {
            "orderId": 499,
            "origin": 3,
            "destination": 1,
            "volume": 9
        }
    ],
    "solution": null
}