{
    "instance_id": 33,
    "trucks": [
        {
            "truckId": 0,
            "position": 1,
            "capacity": 32,
            "freighter": 0
        },
        {
            "truckId": 1,
            "position": 1,
            "capacity": 32,
            "freighter": 0
        },
        {
            "truckId": 2,
            "position": 1,
            "capacity": 32,
            "freighter": 0
        },
        {
            "truckId": 3,
            "position": 1,
            "capacity": 32,
            "freighter": 0
        }
    ],
    "map": [
        {
            "origin": 1,
            "destination": 2,
            "distance": 6
        },
        {
            "origin": 1,
            "destination": 3,
            "distance": 14
        },
        {
            "origin": 1,
            "destination": 4,
            "distance": 11
        },
        {
            "origin": 2,
            "destination": 1,
            "distance": 6
        },
        {
            "origin": 2,
            "destination": 3,
            "distance": 10
        },
        {
            "origin": 2,
            "destination": 4,
            "distance": 12
        },
        {
            "origin": 3,
            "destination": 1,
            "distance": 14
        },
        {
            "origin": 3,
            "destination": 2,
            "distance": 10
        },
        {
            "origin": 3,
            "destination": 4,
            "distance": 13
        },
        {
            "origin": 4,
            "destination": 1,
            "distance": 11
        },
        {
            "origin": 4,
            "destination": 2,
            "distance": 12
        },
        {
            "origin": 4,
            "destination": 3,
            "distance": 13
        }
    ],
    "orders": [
        {
            "orderId": 0,
            "origin": 1,
            "destination": 3,
            "volume": 16
        },
        {
            "orderId": 1,
            "origin": 1,
            "destination": 3,
            "volume": 31
        },
        {
            "orderId": 2,
            "origin": 4,
            "destination": 2,
            "volume": 6
        },
        {
            "orderId": 3,
            "origin": 2,
            "destination": 1,
            "volume": 1
        },
        {
            "orderId": 4,
            "origin": 4,
            "destination": 2,
            "volume": 5
        },
        {
            "orderId": 5,
            "origin": 4,
            "destination": 1,
            "volume": 6
        },
        {
            "orderId": 6,
            "origin": 1,
            "destination": 3,
            "volume": 5
        },
        {
            "orderId": 7,
            "origin": 3,
            "destination": 4,
            "volume": 23
        },
        {
            "orderId": 8,
            "origin": 3,
            "destination": 2,
            "volume": 13
        },
        {
            "orderId": 9,
            "origin": 4,
            "destination": 1,
            "volume": 5
        },
        {
            "orderId": 10,
            "origin": 1,
            "destination": 3,
            "volume": 10
        },
        {
            "orderId": 11,
            "origin": 4,
            "destination": 2,
            "volume": 4
        },
        {
            "orderId": 12,
            "origin": 1,
            "destination": 4,
            "volume": 11
        },
        {
            "orderId": 13,
            "origin": 1,
            "destination": 2,
            "volume": 10
        },
        {
            "orderId": 14,
            "origin": 1,
            "destination": 3,
            "volume": 8
        },
        {
            "orderId": 15,
            "origin": 2,
            "destination": 3,
            "volume": 30
        },
        {
            "orderId": 16,
            "origin": 1,
            "destination": 4,
            "volume": 18
        },
        {
            "orderId": 17,
            "origin": 1,
            "destination": 2,
            "volume": 18
        },
        {
            "orderId": 18,
            "origin": 2,
            "destination": 3,
            "volume": 10
        },
        {
            "orderId": 19,
            "origin": 4,
            "destination": 1,
            "volume": 25
        },
        {
            "orderId": 20,
            "origin": 3,
            "destination": 4,
            "volume": 22
        },
        {
            "orderId": 21,
            "origin": 4,
            "destination": 1,
            "volume": 31
        },
        {
            "orderId": 22,
            "origin": 2,
            "destination": 4,
            "volume": 29
        },
        {
            "orderId": 23,
            "origin": 3,
            "destination": 1,
            "volume": 12
        },
        {
            "orderId": 24,
            "origin": 4,
            "destination": 1,
            "volume": 7
        },
        {
            "orderId": 25,
            "origin": 4,
            "destination": 3,
            "volume": 13
        },
        {
            "orderId": 26,
            "origin": 3,
            "destination": 1,
            "volume": 11
        },
        {
            "orderId": 27,
            "origin": 3,
            "destination": 2,
            "volume": 21
        },
        {
            "orderId": 28,
            "origin": 4,
            "destination": 1,
            "volume": 6
        },
        {
            "orderId": 29,
            "origin": 4,
            "destination": 2,
            "volume": 4
        },
        {
            "orderId": 30,
            "origin": 3,
            "destination": 1,
            "volume": 15
        },
        {
            "orderId": 31,
            "origin": 1,
            "destination": 3,
            "volume": 20
        },
        {
            "orderId": 32,
            "origin": 4,
            "destination": 1,
            "volume": 17
        },
        {
            "orderId": 33,
            "origin": 1,
            "destination": 4,
            "volume": 13
        },
        {
            "orderId": 34,
            "origin": 1,
            "destination": 4,
            "volume": 13
        },
        {
            "orderId": 35,
            "origin": 4,
            "destination": 2,
            "volume": 24
        },
        {
            "orderId": 36,
            "origin": 2,
            "destination": 4,
            "volume": 12
        },
        {
            "orderId": 37,
            "origin": 2,
            "destination": 3,
            "volume": 4
        },
        {
            "orderId": 38,
            "origin": 3,
            "destination": 2,
            "volume": 32
        },
        {
            "orderId": 39,
            "origin": 4,
            "destination": 3,
            "volume": 9
        },
        {
            "orderId": 40,
            "origin": 2,
            "destination": 1,
            "volume": 11
        },
        {
            "orderId": 41,
            "origin": 2,
            "destination": 1,
            "volume": 21
        },
        {
            "orderId": 42,
            "origin": 2,
            "destination": 1,
            "volume": 4
        },
        {
            "orderId": 43,
            "origin": 1,
            "destination": 2,
            "volume": 14
        },
        {
            "orderId": 44,
            "origin": 1,
            "destination": 4,
            "volume": 26
        },
        {
            "orderId": 45,
            "origin": 3,
            "destination": 2,
            "volume": 25
        },
        {
            "orderId": 46,
            "origin": 3,
            "destination": 4,
            "volume": 21
        },
        {
            "orderId": 47,
            "origin": 2,
            "destination": 1,
            "volume": 17
        },
        {
            "orderId": 48,
            "origin": 3,
            "destination": 4,
            "volume": 26
        },
        {
            "orderId": 49,
            "origin": 3,
            "destination": 1,
            "volume": 25
        },
        {
            "orderId": 50,
            "origin": 3,
            "destination": 2,
            "volume": 20
        },
        {
            "orderId": 51,
            "origin": 4,
            "destination": 1,
            "volume": 23
        },
        {
            "orderId": 52,
            "origin": 4,
            "destination": 2,
            "volume": 32
        },
        {
            "orderId": 53,
            "origin": 2,
            "destination": 4,
            "volume": 20
        },
        {
            "orderId": 54,
            "origin": 1,
            "destination": 4,
            "volume": 26
        },
        {
            "orderId": 55,
            "origin": 3,
            "destination": 4,
            "volume": 31
        },
        {
            "orderId": 56,
            "origin": 2,
            "destination": 4,
            "volume": 31
        },
        {
            "orderId": 57,
            "origin": 2,
            "destination": 3,
            "volume": 24
        },
        {
            "orderId": 58,
            "origin": 3,
            "destination": 2,
            "volume": 11
        },
        {
            "orderId": 59,
            "origin": 4,
            "destination": 1,
            "volume": 30
        },
        {
            "orderId": 60,
            "origin": 1,
            "destination": 3,
            "volume": 31
        },
        {
            "orderId": 61,
            "origin": 1,
            "destination": 2,
            "volume": 22
        },
        {
            "orderId": 62,
            "origin": 3,
            "destination": 2,
            "volume": 18
        },
        {
            "orderId": 63,
            "origin": 1,
            "destination": 2,
            "volume": 22
        },
        {
            "orderId": 64,
            "origin": 3,
            "destination": 4,
            "volume": 18
        },
        {
            "orderId": 65,
            "origin": 1,
            "destination": 2,
            "volume": 17
        },
        {
            "orderId": 66,
            "origin": 3,
            "destination": 2,
            "volume": 2
        },
        {
            "orderId": 67,
            "origin": 4,
            "destination": 1,
            "volume": 3
        },
        {
            "orderId": 68,
            "origin": 2,
            "destination": 3,
            "volume": 23
        },
        {
            "orderId": 69,
            "origin": 4,
            "destination": 1,
            "volume": 20
        },
        {
            "orderId": 70,
            "origin": 3,
            "destination": 4,
            "volume": 15
        },
        {
            "orderId": 71,
            "origin": 3,
            "destination": 1,
            "volume": 2
        },
        {
            "orderId": 72,
            "origin": 3,
            "destination": 2,
            "volume": 11
        },
        {
            "orderId": 73,
            "origin": 4,
            "destination": 2,
            "volume": 5
        },
        {
            "orderId": 74,
            "origin": 2,
            "destination": 4,
            "volume": 21
        },
        {
            "orderId": 75,
            "origin": 2,
            "destination": 4,
            "volume": 3
        },
        {
            "orderId": 76,
            "origin": 3,
            "destination": 1,
            "volume": 24
        },
        {
            "orderId": 77,
            "origin": 4,
            "destination": 1,
            "volume": 5
        },
        {
            "orderId": 78,
            "origin": 3,
            "destination": 2,
            "volume": 13
        },
        {
            "orderId": 79,
            "origin": 3,
            "destination": 4,
            "volume": 32
        },
        {
            "orderId": 80,
            "origin": 1,
            "destination": 4,
            "volume": 6
        },
        {
            "orderId": 81,
            "origin": 3,
            "destination": 4,
            "volume": 22
        },
        {
            "orderId": 82,
            "origin": 2,
            "destination": 4,
            "volume": 16
        },
        {
            "orderId": 83,
            "origin": 1,
            "destination": 3,
            "volume": 24
        },
        {
            "orderId": 84,
            "origin": 4,
            "destination": 2,
            "volume": 5
        },
        {
            "orderId": 85,
            "origin": 1,
            "destination": 2,
            "volume": 13
        },
        {
            "orderId": 86,
            "origin": 2,
            "destination": 3,
            "volume": 4
        },
        {
            "orderId": 87,
            "origin": 4,
            "destination": 3,
            "volume": 24
        },
        {
            "orderId": 88,
            "origin": 3,
            "destination": 4,
            "volume": 27
        },
        {
            "orderId": 89,
            "origin": 3,
            "destination": 2,
            "volume": 19
        },
        {
            "orderId": 90,
            "origin": 1,
            "destination": 3,
            "volume": 18
        },
        {
            "orderId": 91,
            "origin": 1,
            "destination": 2,
            "volume": 24
        },
        {
            "orderId": 92,
            "origin": 2,
            "destination": 3,
            "volume": 19
        },
        {
            "orderId": 93,
            "origin": 3,
            "destination": 2,
            "volume": 30
        },
        {
            "orderId": 94,
            "origin": 2,
            "destination": 1,
            "volume": 27
        },
        {
            "orderId": 95,
            "origin": 2,
            "destination": 4,
            "volume": 18
        },
        {
            "orderId": 96,
            "origin": 2,
            "destination": 3,
            "volume": 27
        },
        {
            "orderId": 97,
            "origin": 4,
            "destination": 3,
            "volume": 7
        },
        {
            "orderId": 98,
            "origin": 4,
            "destination": 2,
            "volume": 7
        },
        {
            "orderId": 99,
            "origin": 4,
            "destination": 1,
            "volume": 9
        }
    ],
    "solution": null
}